<?xml version="1.0"?>
<PlannerResult>
	<PlannerName>rev152 [UCTStar -init [Expand -h [MLS]]]</PlannerName>
	<BenchmarkSet>IPPC2011</BenchmarkSet>
	<NumberOfRuns>100</NumberOfRuns>
	<Time>327549.51</Time>

	<Domain>
		<DomainName>wildfire</DomainName>
		<Time>34997.14</Time>

		<Problem>
			<ProblemName>10</ProblemName>
			<AvgReward>-22630.2</AvgReward>
			<Confidence95>1182.22</Confidence95>
			<Time>3880.59</Time>
		</Problem>

		<Problem>
			<ProblemName>1</ProblemName>
			<AvgReward>-255.4</AvgReward>
			<Confidence95>191.96</Confidence95>
			<Time>1719.85</Time>
		</Problem>

		<Problem>
			<ProblemName>3</ProblemName>
			<AvgReward>-1665.8</AvgReward>
			<Confidence95>549.47</Confidence95>
			<Time>3473.81</Time>
		</Problem>

		<Problem>
			<ProblemName>2</ProblemName>
			<AvgReward>-10334.9</AvgReward>
			<Confidence95>496.75</Confidence95>
			<Time>2958.99</Time>
		</Problem>

		<Problem>
			<ProblemName>5</ProblemName>
			<AvgReward>-2099.05</AvgReward>
			<Confidence95>608.2</Confidence95>
			<Time>3901.13</Time>
		</Problem>

		<Problem>
			<ProblemName>4</ProblemName>
			<AvgReward>-13812.4</AvgReward>
			<Confidence95>1541.59</Confidence95>
			<Time>3704.71</Time>
		</Problem>

		<Problem>
			<ProblemName>7</ProblemName>
			<AvgReward>-9220.0</AvgReward>
			<Confidence95>868.45</Confidence95>
			<Time>3880.56</Time>
		</Problem>

		<Problem>
			<ProblemName>6</ProblemName>
			<AvgReward>-25824.6</AvgReward>
			<Confidence95>792.84</Confidence95>
			<Time>3754.93</Time>
		</Problem>

		<Problem>
			<ProblemName>9</ProblemName>
			<AvgReward>-16172.5</AvgReward>
			<Confidence95>491.96</Confidence95>
			<Time>3859.64</Time>
		</Problem>

		<Problem>
			<ProblemName>8</ProblemName>
			<AvgReward>-17015.7</AvgReward>
			<Confidence95>1417.19</Confidence95>
			<Time>3862.93</Time>
		</Problem>

	</Domain>

	<Domain>
		<DomainName>triangle</DomainName>
		<Time>20568.53</Time>

		<Problem>
			<ProblemName>10</ProblemName>
			<AvgReward>-40.0</AvgReward>
			<Confidence95>0.0</Confidence95>
			<Time>3796.03</Time>
		</Problem>

		<Problem>
			<ProblemName>1</ProblemName>
			<AvgReward>93.33</AvgReward>
			<Confidence95>0.45</Confidence95>
			<Time>21.83</Time>
		</Problem>

		<Problem>
			<ProblemName>3</ProblemName>
			<AvgReward>43.87</AvgReward>
			<Confidence95>11.87</Confidence95>
			<Time>791.01</Time>
		</Problem>

		<Problem>
			<ProblemName>2</ProblemName>
			<AvgReward>93.97</AvgReward>
			<Confidence95>0.4</Confidence95>
			<Time>24.1</Time>
		</Problem>

		<Problem>
			<ProblemName>5</ProblemName>
			<AvgReward>26.17</AvgReward>
			<Confidence95>10.45</Confidence95>
			<Time>2498.61</Time>
		</Problem>

		<Problem>
			<ProblemName>4</ProblemName>
			<AvgReward>84.61</AvgReward>
			<Confidence95>3.58</Confidence95>
			<Time>479.61</Time>
		</Problem>

		<Problem>
			<ProblemName>7</ProblemName>
			<AvgReward>-38.98</AvgReward>
			<Confidence95>2.0</Confidence95>
			<Time>3640.24</Time>
		</Problem>

		<Problem>
			<ProblemName>6</ProblemName>
			<AvgReward>49.12</AvgReward>
			<Confidence95>9.35</Confidence95>
			<Time>1922.28</Time>
		</Problem>

		<Problem>
			<ProblemName>9</ProblemName>
			<AvgReward>-40.0</AvgReward>
			<Confidence95>0.0</Confidence95>
			<Time>3785.38</Time>
		</Problem>

		<Problem>
			<ProblemName>8</ProblemName>
			<AvgReward>-35.93</AvgReward>
			<Confidence95>3.93</Confidence95>
			<Time>3609.44</Time>
		</Problem>

	</Domain>

	<Domain>
		<DomainName>elevators</DomainName>
		<Time>27754.66</Time>

		<Problem>
			<ProblemName>10</ProblemName>
			<AvgReward>-66.88</AvgReward>
			<Confidence95>4.72</Confidence95>
			<Time>3369.31</Time>
		</Problem>

		<Problem>
			<ProblemName>1</ProblemName>
			<AvgReward>-42.85</AvgReward>
			<Confidence95>2.56</Confidence95>
			<Time>201.55</Time>
		</Problem>

		<Problem>
			<ProblemName>3</ProblemName>
			<AvgReward>-54.22</AvgReward>
			<Confidence95>2.1</Confidence95>
			<Time>3163.9</Time>
		</Problem>

		<Problem>
			<ProblemName>2</ProblemName>
			<AvgReward>-18.76</AvgReward>
			<Confidence95>1.69</Confidence95>
			<Time>2506.3</Time>
		</Problem>

		<Problem>
			<ProblemName>5</ProblemName>
			<AvgReward>-49.07</AvgReward>
			<Confidence95>3.03</Confidence95>
			<Time>3633.41</Time>
		</Problem>

		<Problem>
			<ProblemName>4</ProblemName>
			<AvgReward>-58.71</AvgReward>
			<Confidence95>4.08</Confidence95>
			<Time>827.8</Time>
		</Problem>

		<Problem>
			<ProblemName>7</ProblemName>
			<AvgReward>-78.61</AvgReward>
			<Confidence95>4.82</Confidence95>
			<Time>2795.9</Time>
		</Problem>

		<Problem>
			<ProblemName>6</ProblemName>
			<AvgReward>-69.61</AvgReward>
			<Confidence95>3.45</Confidence95>
			<Time>3667.48</Time>
		</Problem>

		<Problem>
			<ProblemName>9</ProblemName>
			<AvgReward>-91.08</AvgReward>
			<Confidence95>4.8</Confidence95>
			<Time>3787.0</Time>
		</Problem>

		<Problem>
			<ProblemName>8</ProblemName>
			<AvgReward>-75.3</AvgReward>
			<Confidence95>4.22</Confidence95>
			<Time>3802.01</Time>
		</Problem>

	</Domain>

	<Domain>
		<DomainName>recon</DomainName>
		<Time>29052.82</Time>

		<Problem>
			<ProblemName>10</ProblemName>
			<AvgReward>5.34</AvgReward>
			<Confidence95>0.12</Confidence95>
			<Time>2868.69</Time>
		</Problem>

		<Problem>
			<ProblemName>1</ProblemName>
			<AvgReward>3.07</AvgReward>
			<Confidence95>0.21</Confidence95>
			<Time>2756.59</Time>
		</Problem>

		<Problem>
			<ProblemName>3</ProblemName>
			<AvgReward>13.47</AvgReward>
			<Confidence95>0.23</Confidence95>
			<Time>2849.52</Time>
		</Problem>

		<Problem>
			<ProblemName>2</ProblemName>
			<AvgReward>2.89</AvgReward>
			<Confidence95>0.22</Confidence95>
			<Time>2738.73</Time>
		</Problem>

		<Problem>
			<ProblemName>5</ProblemName>
			<AvgReward>14.28</AvgReward>
			<Confidence95>0.26</Confidence95>
			<Time>2953.23</Time>
		</Problem>

		<Problem>
			<ProblemName>4</ProblemName>
			<AvgReward>2.52</AvgReward>
			<Confidence95>0.13</Confidence95>
			<Time>2958.24</Time>
		</Problem>

		<Problem>
			<ProblemName>7</ProblemName>
			<AvgReward>4.99</AvgReward>
			<Confidence95>0.11</Confidence95>
			<Time>3001.11</Time>
		</Problem>

		<Problem>
			<ProblemName>6</ProblemName>
			<AvgReward>9.85</AvgReward>
			<Confidence95>0.14</Confidence95>
			<Time>3021.29</Time>
		</Problem>

		<Problem>
			<ProblemName>9</ProblemName>
			<AvgReward>8.79</AvgReward>
			<Confidence95>0.16</Confidence95>
			<Time>3045.41</Time>
		</Problem>

		<Problem>
			<ProblemName>8</ProblemName>
			<AvgReward>9.79</AvgReward>
			<Confidence95>0.14</Confidence95>
			<Time>2860.01</Time>
		</Problem>

	</Domain>

	<Domain>
		<DomainName>tamarisk</DomainName>
		<Time>40713.1</Time>

		<Problem>
			<ProblemName>10</ProblemName>
			<AvgReward>-1355.64</AvgReward>
			<Confidence95>31.89</Confidence95>
			<Time>4294.48</Time>
		</Problem>

		<Problem>
			<ProblemName>1</ProblemName>
			<AvgReward>-130.85</AvgReward>
			<Confidence95>14.1</Confidence95>
			<Time>3901.95</Time>
		</Problem>

		<Problem>
			<ProblemName>3</ProblemName>
			<AvgReward>-224.27</AvgReward>
			<Confidence95>26.04</Confidence95>
			<Time>3927.08</Time>
		</Problem>

		<Problem>
			<ProblemName>2</ProblemName>
			<AvgReward>-549.09</AvgReward>
			<Confidence95>26.56</Confidence95>
			<Time>3975.56</Time>
		</Problem>

		<Problem>
			<ProblemName>5</ProblemName>
			<AvgReward>-700.32</AvgReward>
			<Confidence95>40.58</Confidence95>
			<Time>4032.39</Time>
		</Problem>

		<Problem>
			<ProblemName>4</ProblemName>
			<AvgReward>-819.18</AvgReward>
			<Confidence95>26.95</Confidence95>
			<Time>4063.04</Time>
		</Problem>

		<Problem>
			<ProblemName>7</ProblemName>
			<AvgReward>-873.86</AvgReward>
			<Confidence95>46.74</Confidence95>
			<Time>4095.33</Time>
		</Problem>

		<Problem>
			<ProblemName>6</ProblemName>
			<AvgReward>-1068.35</AvgReward>
			<Confidence95>26.85</Confidence95>
			<Time>4104.5</Time>
		</Problem>

		<Problem>
			<ProblemName>9</ProblemName>
			<AvgReward>-904.55</AvgReward>
			<Confidence95>61.42</Confidence95>
			<Time>4141.16</Time>
		</Problem>

		<Problem>
			<ProblemName>8</ProblemName>
			<AvgReward>-1298.72</AvgReward>
			<Confidence95>23.75</Confidence95>
			<Time>4177.61</Time>
		</Problem>

	</Domain>

	<Domain>
		<DomainName>sysadmin</DomainName>
		<Time>39706.19</Time>

		<Problem>
			<ProblemName>10</ProblemName>
			<AvgReward>541.87</AvgReward>
			<Confidence95>13.64</Confidence95>
			<Time>4019.04</Time>
		</Problem>

		<Problem>
			<ProblemName>1</ProblemName>
			<AvgReward>335.73</AvgReward>
			<Confidence95>3.99</Confidence95>
			<Time>3839.24</Time>
		</Problem>

		<Problem>
			<ProblemName>3</ProblemName>
			<AvgReward>558.08</AvgReward>
			<Confidence95>16.38</Confidence95>
			<Time>4018.08</Time>
		</Problem>

		<Problem>
			<ProblemName>2</ProblemName>
			<AvgReward>313.73</AvgReward>
			<Confidence95>7.18</Confidence95>
			<Time>3867.96</Time>
		</Problem>

		<Problem>
			<ProblemName>5</ProblemName>
			<AvgReward>578.25</AvgReward>
			<Confidence95>15.8</Confidence95>
			<Time>4021.0</Time>
		</Problem>

		<Problem>
			<ProblemName>4</ProblemName>
			<AvgReward>492.6</AvgReward>
			<Confidence95>16.31</Confidence95>
			<Time>3984.98</Time>
		</Problem>

		<Problem>
			<ProblemName>7</ProblemName>
			<AvgReward>621.54</AvgReward>
			<Confidence95>16.63</Confidence95>
			<Time>3995.33</Time>
		</Problem>

		<Problem>
			<ProblemName>6</ProblemName>
			<AvgReward>510.59</AvgReward>
			<Confidence95>14.67</Confidence95>
			<Time>3976.12</Time>
		</Problem>

		<Problem>
			<ProblemName>9</ProblemName>
			<AvgReward>727.27</AvgReward>
			<Confidence95>17.58</Confidence95>
			<Time>3985.82</Time>
		</Problem>

		<Problem>
			<ProblemName>8</ProblemName>
			<AvgReward>502.61</AvgReward>
			<Confidence95>14.19</Confidence95>
			<Time>3998.62</Time>
		</Problem>

	</Domain>

	<Domain>
		<DomainName>academic</DomainName>
		<Time>32668.09</Time>

		<Problem>
			<ProblemName>10</ProblemName>
			<AvgReward>-208.63</AvgReward>
			<Confidence95>0.44</Confidence95>
			<Time>3904.72</Time>
		</Problem>

		<Problem>
			<ProblemName>1</ProblemName>
			<AvgReward>-45.39</AvgReward>
			<Confidence95>3.28</Confidence95>
			<Time>768.76</Time>
		</Problem>

		<Problem>
			<ProblemName>3</ProblemName>
			<AvgReward>-40.42</AvgReward>
			<Confidence95>2.52</Confidence95>
			<Time>3591.05</Time>
		</Problem>

		<Problem>
			<ProblemName>2</ProblemName>
			<AvgReward>-80.52</AvgReward>
			<Confidence95>8.88</Confidence95>
			<Time>1422.25</Time>
		</Problem>

		<Problem>
			<ProblemName>5</ProblemName>
			<AvgReward>-202.75</AvgReward>
			<Confidence95>0.21</Confidence95>
			<Time>3726.38</Time>
		</Problem>

		<Problem>
			<ProblemName>4</ProblemName>
			<AvgReward>-199.12</AvgReward>
			<Confidence95>3.87</Confidence95>
			<Time>3872.28</Time>
		</Problem>

		<Problem>
			<ProblemName>7</ProblemName>
			<AvgReward>-203.51</AvgReward>
			<Confidence95>0.77</Confidence95>
			<Time>3790.18</Time>
		</Problem>

		<Problem>
			<ProblemName>6</ProblemName>
			<AvgReward>-202.89</AvgReward>
			<Confidence95>0.12</Confidence95>
			<Time>3895.66</Time>
		</Problem>

		<Problem>
			<ProblemName>9</ProblemName>
			<AvgReward>-204.46</AvgReward>
			<Confidence95>0.58</Confidence95>
			<Time>3804.53</Time>
		</Problem>

		<Problem>
			<ProblemName>8</ProblemName>
			<AvgReward>-204.6</AvgReward>
			<Confidence95>2.06</Confidence95>
			<Time>3892.28</Time>
		</Problem>

	</Domain>

	<Domain>
		<DomainName>game</DomainName>
		<Time>37721.64</Time>

		<Problem>
			<ProblemName>10</ProblemName>
			<AvgReward>604.86</AvgReward>
			<Confidence95>7.53</Confidence95>
			<Time>3996.9</Time>
		</Problem>

		<Problem>
			<ProblemName>1</ProblemName>
			<AvgReward>205.54</AvgReward>
			<Confidence95>6.24</Confidence95>
			<Time>2814.14</Time>
		</Problem>

		<Problem>
			<ProblemName>3</ProblemName>
			<AvgReward>148.14</AvgReward>
			<Confidence95>5.05</Confidence95>
			<Time>3626.76</Time>
		</Problem>

		<Problem>
			<ProblemName>2</ProblemName>
			<AvgReward>124.97</AvgReward>
			<Confidence95>8.55</Confidence95>
			<Time>3330.49</Time>
		</Problem>

		<Problem>
			<ProblemName>5</ProblemName>
			<AvgReward>314.2</AvgReward>
			<Confidence95>5.19</Confidence95>
			<Time>4003.29</Time>
		</Problem>

		<Problem>
			<ProblemName>4</ProblemName>
			<AvgReward>366.71</AvgReward>
			<Confidence95>5.05</Confidence95>
			<Time>3966.86</Time>
		</Problem>

		<Problem>
			<ProblemName>7</ProblemName>
			<AvgReward>514.51</AvgReward>
			<Confidence95>4.24</Confidence95>
			<Time>3998.33</Time>
		</Problem>

		<Problem>
			<ProblemName>6</ProblemName>
			<AvgReward>287.81</AvgReward>
			<Confidence95>3.44</Confidence95>
			<Time>3994.52</Time>
		</Problem>

		<Problem>
			<ProblemName>9</ProblemName>
			<AvgReward>424.36</AvgReward>
			<Confidence95>6.32</Confidence95>
			<Time>4003.88</Time>
		</Problem>

		<Problem>
			<ProblemName>8</ProblemName>
			<AvgReward>461.86</AvgReward>
			<Confidence95>7.17</Confidence95>
			<Time>3986.47</Time>
		</Problem>

	</Domain>

	<Domain>
		<DomainName>traffic</DomainName>
		<Time>36666.43</Time>

		<Problem>
			<ProblemName>10</ProblemName>
			<AvgReward>-128.87</AvgReward>
			<Confidence95>7.0</Confidence95>
			<Time>3815.03</Time>
		</Problem>

		<Problem>
			<ProblemName>1</ProblemName>
			<AvgReward>-4.12</AvgReward>
			<Confidence95>0.54</Confidence95>
			<Time>3598.66</Time>
		</Problem>

		<Problem>
			<ProblemName>3</ProblemName>
			<AvgReward>-10.79</AvgReward>
			<Confidence95>1.88</Confidence95>
			<Time>3645.58</Time>
		</Problem>

		<Problem>
			<ProblemName>2</ProblemName>
			<AvgReward>-11.17</AvgReward>
			<Confidence95>0.94</Confidence95>
			<Time>3520.83</Time>
		</Problem>

		<Problem>
			<ProblemName>5</ProblemName>
			<AvgReward>-47.49</AvgReward>
			<Confidence95>3.12</Confidence95>
			<Time>3611.74</Time>
		</Problem>

		<Problem>
			<ProblemName>4</ProblemName>
			<AvgReward>-48.87</AvgReward>
			<Confidence95>2.9</Confidence95>
			<Time>3676.25</Time>
		</Problem>

		<Problem>
			<ProblemName>7</ProblemName>
			<AvgReward>-46.85</AvgReward>
			<Confidence95>2.91</Confidence95>
			<Time>3763.95</Time>
		</Problem>

		<Problem>
			<ProblemName>6</ProblemName>
			<AvgReward>-75.58</AvgReward>
			<Confidence95>5.7</Confidence95>
			<Time>3606.55</Time>
		</Problem>

		<Problem>
			<ProblemName>9</ProblemName>
			<AvgReward>-25.13</AvgReward>
			<Confidence95>3.62</Confidence95>
			<Time>3744.18</Time>
		</Problem>

		<Problem>
			<ProblemName>8</ProblemName>
			<AvgReward>-66.45</AvgReward>
			<Confidence95>5.74</Confidence95>
			<Time>3683.66</Time>
		</Problem>

	</Domain>

	<Domain>
		<DomainName>crossing</DomainName>
		<Time>16509.32</Time>

		<Problem>
			<ProblemName>10</ProblemName>
			<AvgReward>-35.78</AvgReward>
			<Confidence95>1.68</Confidence95>
			<Time>3595.93</Time>
		</Problem>

		<Problem>
			<ProblemName>1</ProblemName>
			<AvgReward>-4.43</AvgReward>
			<Confidence95>0.16</Confidence95>
			<Time>468.98</Time>
		</Problem>

		<Problem>
			<ProblemName>3</ProblemName>
			<AvgReward>-6.2</AvgReward>
			<Confidence95>0.36</Confidence95>
			<Time>659.33</Time>
		</Problem>

		<Problem>
			<ProblemName>2</ProblemName>
			<AvgReward>-5.45</AvgReward>
			<Confidence95>0.35</Confidence95>
			<Time>571.61</Time>
		</Problem>

		<Problem>
			<ProblemName>5</ProblemName>
			<AvgReward>-7.77</AvgReward>
			<Confidence95>1.14</Confidence95>
			<Time>719.14</Time>
		</Problem>

		<Problem>
			<ProblemName>4</ProblemName>
			<AvgReward>-10.21</AvgReward>
			<Confidence95>0.96</Confidence95>
			<Time>1060.73</Time>
		</Problem>

		<Problem>
			<ProblemName>7</ProblemName>
			<AvgReward>-20.58</AvgReward>
			<Confidence95>2.26</Confidence95>
			<Time>2089.56</Time>
		</Problem>

		<Problem>
			<ProblemName>6</ProblemName>
			<AvgReward>-12.87</AvgReward>
			<Confidence95>1.52</Confidence95>
			<Time>1245.92</Time>
		</Problem>

		<Problem>
			<ProblemName>9</ProblemName>
			<AvgReward>-26.34</AvgReward>
			<Confidence95>2.23</Confidence95>
			<Time>2654.9</Time>
		</Problem>

		<Problem>
			<ProblemName>8</ProblemName>
			<AvgReward>-34.37</AvgReward>
			<Confidence95>1.82</Confidence95>
			<Time>3443.22</Time>
		</Problem>

	</Domain>

	<Domain>
		<DomainName>skill</DomainName>
		<Time>7716.97</Time>

		<Problem>
			<ProblemName>10</ProblemName>
			<AvgReward>-245.49</AvgReward>
			<Confidence95>42.28</Confidence95>
			<Time>1645.7</Time>
		</Problem>

		<Problem>
			<ProblemName>1</ProblemName>
			<AvgReward>66.93</AvgReward>
			<Confidence95>1.62</Confidence95>
			<Time>150.52</Time>
		</Problem>

		<Problem>
			<ProblemName>3</ProblemName>
			<AvgReward>101.98</AvgReward>
			<Confidence95>10.37</Confidence95>
			<Time>80.9</Time>
		</Problem>

		<Problem>
			<ProblemName>2</ProblemName>
			<AvgReward>79.28</AvgReward>
			<Confidence95>1.83</Confidence95>
			<Time>191.49</Time>
		</Problem>

		<Problem>
			<ProblemName>5</ProblemName>
			<AvgReward>20.95</AvgReward>
			<Confidence95>17.3</Confidence95>
			<Time>484.73</Time>
		</Problem>

		<Problem>
			<ProblemName>4</ProblemName>
			<AvgReward>102.31</AvgReward>
			<Confidence95>10.44</Confidence95>
			<Time>69.72</Time>
		</Problem>

		<Problem>
			<ProblemName>7</ProblemName>
			<AvgReward>-57.37</AvgReward>
			<Confidence95>26.01</Confidence95>
			<Time>1367.35</Time>
		</Problem>

		<Problem>
			<ProblemName>6</ProblemName>
			<AvgReward>22.26</AvgReward>
			<Confidence95>28.48</Confidence95>
			<Time>730.23</Time>
		</Problem>

		<Problem>
			<ProblemName>9</ProblemName>
			<AvgReward>-145.06</AvgReward>
			<Confidence95>28.79</Confidence95>
			<Time>1680.53</Time>
		</Problem>

		<Problem>
			<ProblemName>8</ProblemName>
			<AvgReward>-154.71</AvgReward>
			<Confidence95>34.87</Confidence95>
			<Time>1315.8</Time>
		</Problem>

	</Domain>

	<Domain>
		<DomainName>navigation</DomainName>
		<Time>3474.62</Time>

		<Problem>
			<ProblemName>10</ProblemName>
			<AvgReward>-38.18</AvgReward>
			<Confidence95>0.66</Confidence95>
			<Time>1113.02</Time>
		</Problem>

		<Problem>
			<ProblemName>1</ProblemName>
			<AvgReward>-9.28</AvgReward>
			<Confidence95>1.24</Confidence95>
			<Time>15.28</Time>
		</Problem>

		<Problem>
			<ProblemName>3</ProblemName>
			<AvgReward>-12.16</AvgReward>
			<Confidence95>1.12</Confidence95>
			<Time>25.98</Time>
		</Problem>

		<Problem>
			<ProblemName>2</ProblemName>
			<AvgReward>-10.3</AvgReward>
			<Confidence95>0.59</Confidence95>
			<Time>20.92</Time>
		</Problem>

		<Problem>
			<ProblemName>5</ProblemName>
			<AvgReward>-21.31</AvgReward>
			<Confidence95>0.9</Confidence95>
			<Time>126.37</Time>
		</Problem>

		<Problem>
			<ProblemName>4</ProblemName>
			<AvgReward>-16.1</AvgReward>
			<Confidence95>1.62</Confidence95>
			<Time>171.53</Time>
		</Problem>

		<Problem>
			<ProblemName>7</ProblemName>
			<AvgReward>-24.99</AvgReward>
			<Confidence95>1.25</Confidence95>
			<Time>389.83</Time>
		</Problem>

		<Problem>
			<ProblemName>6</ProblemName>
			<AvgReward>-23.49</AvgReward>
			<Confidence95>1.2</Confidence95>
			<Time>303.45</Time>
		</Problem>

		<Problem>
			<ProblemName>9</ProblemName>
			<AvgReward>-35.78</AvgReward>
			<Confidence95>1.04</Confidence95>
			<Time>891.02</Time>
		</Problem>

		<Problem>
			<ProblemName>8</ProblemName>
			<AvgReward>-29.75</AvgReward>
			<Confidence95>2.1</Confidence95>
			<Time>417.22</Time>
		</Problem>

	</Domain>

</PlannerResult>
