<?xml version="1.0"?>
<PlannerResult>
	<PlannerName>rev152 [MaxUCT -init [Single -h [IDS]]]</PlannerName>
	<BenchmarkSet>IPPC2011</BenchmarkSet>
	<NumberOfRuns>100</NumberOfRuns>
	<Time>403706.61</Time>

	<Domain>
		<DomainName>wildfire</DomainName>
		<Time>36231.99</Time>

		<Problem>
			<ProblemName>10</ProblemName>
			<AvgReward>-24217.4</AvgReward>
			<Confidence95>1118.87</Confidence95>
			<Time>4015.31</Time>
		</Problem>

		<Problem>
			<ProblemName>1</ProblemName>
			<AvgReward>-398.8</AvgReward>
			<Confidence95>241.48</Confidence95>
			<Time>1546.64</Time>
		</Problem>

		<Problem>
			<ProblemName>3</ProblemName>
			<AvgReward>-1288.7</AvgReward>
			<Confidence95>522.85</Confidence95>
			<Time>2495.4</Time>
		</Problem>

		<Problem>
			<ProblemName>2</ProblemName>
			<AvgReward>-10805.9</AvgReward>
			<Confidence95>459.23</Confidence95>
			<Time>4010.67</Time>
		</Problem>

		<Problem>
			<ProblemName>5</ProblemName>
			<AvgReward>-2357.75</AvgReward>
			<Confidence95>606.99</Confidence95>
			<Time>4012.8</Time>
		</Problem>

		<Problem>
			<ProblemName>4</ProblemName>
			<AvgReward>-13773.8</AvgReward>
			<Confidence95>1473.68</Confidence95>
			<Time>4009.95</Time>
		</Problem>

		<Problem>
			<ProblemName>7</ProblemName>
			<AvgReward>-9455.05</AvgReward>
			<Confidence95>889.33</Confidence95>
			<Time>4032.83</Time>
		</Problem>

		<Problem>
			<ProblemName>6</ProblemName>
			<AvgReward>-23328.8</AvgReward>
			<Confidence95>1150.08</Confidence95>
			<Time>4051.1</Time>
		</Problem>

		<Problem>
			<ProblemName>9</ProblemName>
			<AvgReward>-16239.5</AvgReward>
			<Confidence95>438.44</Confidence95>
			<Time>4048.44</Time>
		</Problem>

		<Problem>
			<ProblemName>8</ProblemName>
			<AvgReward>-19754.5</AvgReward>
			<Confidence95>1490.49</Confidence95>
			<Time>4008.85</Time>
		</Problem>

	</Domain>

	<Domain>
		<DomainName>triangle</DomainName>
		<Time>25871.76</Time>

		<Problem>
			<ProblemName>10</ProblemName>
			<AvgReward>-40.0</AvgReward>
			<Confidence95>0.0</Confidence95>
			<Time>4024.48</Time>
		</Problem>

		<Problem>
			<ProblemName>1</ProblemName>
			<AvgReward>93.33</AvgReward>
			<Confidence95>0.45</Confidence95>
			<Time>781.33</Time>
		</Problem>

		<Problem>
			<ProblemName>3</ProblemName>
			<AvgReward>82.58</AvgReward>
			<Confidence95>0.61</Confidence95>
			<Time>1816.57</Time>
		</Problem>

		<Problem>
			<ProblemName>2</ProblemName>
			<AvgReward>93.95</AvgReward>
			<Confidence95>0.4</Confidence95>
			<Time>729.85</Time>
		</Problem>

		<Problem>
			<ProblemName>5</ProblemName>
			<AvgReward>73.28</AvgReward>
			<Confidence95>0.9</Confidence95>
			<Time>2773.45</Time>
		</Problem>

		<Problem>
			<ProblemName>4</ProblemName>
			<AvgReward>86.06</AvgReward>
			<Confidence95>0.68</Confidence95>
			<Time>1485.68</Time>
		</Problem>

		<Problem>
			<ProblemName>7</ProblemName>
			<AvgReward>-32.51</AvgReward>
			<Confidence95>5.38</Confidence95>
			<Time>3883.19</Time>
		</Problem>

		<Problem>
			<ProblemName>6</ProblemName>
			<AvgReward>72.39</AvgReward>
			<Confidence95>3.29</Confidence95>
			<Time>2660.41</Time>
		</Problem>

		<Problem>
			<ProblemName>9</ProblemName>
			<AvgReward>-40.0</AvgReward>
			<Confidence95>0.0</Confidence95>
			<Time>3924.0</Time>
		</Problem>

		<Problem>
			<ProblemName>8</ProblemName>
			<AvgReward>-23.97</AvgReward>
			<Confidence95>7.52</Confidence95>
			<Time>3792.8</Time>
		</Problem>

	</Domain>

	<Domain>
		<DomainName>elevators</DomainName>
		<Time>40426.05</Time>

		<Problem>
			<ProblemName>10</ProblemName>
			<AvgReward>-67.75</AvgReward>
			<Confidence95>5.18</Confidence95>
			<Time>4018.32</Time>
		</Problem>

		<Problem>
			<ProblemName>1</ProblemName>
			<AvgReward>-45.98</AvgReward>
			<Confidence95>2.43</Confidence95>
			<Time>4031.07</Time>
		</Problem>

		<Problem>
			<ProblemName>3</ProblemName>
			<AvgReward>-53.83</AvgReward>
			<Confidence95>1.89</Confidence95>
			<Time>4041.42</Time>
		</Problem>

		<Problem>
			<ProblemName>2</ProblemName>
			<AvgReward>-18.63</AvgReward>
			<Confidence95>1.6</Confidence95>
			<Time>4043.96</Time>
		</Problem>

		<Problem>
			<ProblemName>5</ProblemName>
			<AvgReward>-50.17</AvgReward>
			<Confidence95>3.16</Confidence95>
			<Time>4035.5</Time>
		</Problem>

		<Problem>
			<ProblemName>4</ProblemName>
			<AvgReward>-54.91</AvgReward>
			<Confidence95>3.91</Confidence95>
			<Time>4036.29</Time>
		</Problem>

		<Problem>
			<ProblemName>7</ProblemName>
			<AvgReward>-87.59</AvgReward>
			<Confidence95>5.21</Confidence95>
			<Time>4016.48</Time>
		</Problem>

		<Problem>
			<ProblemName>6</ProblemName>
			<AvgReward>-66.96</AvgReward>
			<Confidence95>3.4</Confidence95>
			<Time>4055.25</Time>
		</Problem>

		<Problem>
			<ProblemName>9</ProblemName>
			<AvgReward>-89.23</AvgReward>
			<Confidence95>4.29</Confidence95>
			<Time>4076.99</Time>
		</Problem>

		<Problem>
			<ProblemName>8</ProblemName>
			<AvgReward>-73.65</AvgReward>
			<Confidence95>3.67</Confidence95>
			<Time>4070.77</Time>
		</Problem>

	</Domain>

	<Domain>
		<DomainName>recon</DomainName>
		<Time>40392.58</Time>

		<Problem>
			<ProblemName>10</ProblemName>
			<AvgReward>5.04</AvgReward>
			<Confidence95>0.1</Confidence95>
			<Time>4058.48</Time>
		</Problem>

		<Problem>
			<ProblemName>1</ProblemName>
			<AvgReward>2.97</AvgReward>
			<Confidence95>0.05</Confidence95>
			<Time>4033.11</Time>
		</Problem>

		<Problem>
			<ProblemName>3</ProblemName>
			<AvgReward>12.31</AvgReward>
			<Confidence95>0.19</Confidence95>
			<Time>4030.6</Time>
		</Problem>

		<Problem>
			<ProblemName>2</ProblemName>
			<AvgReward>2.98</AvgReward>
			<Confidence95>0.11</Confidence95>
			<Time>4049.81</Time>
		</Problem>

		<Problem>
			<ProblemName>5</ProblemName>
			<AvgReward>12.37</AvgReward>
			<Confidence95>0.25</Confidence95>
			<Time>4045.57</Time>
		</Problem>

		<Problem>
			<ProblemName>4</ProblemName>
			<AvgReward>2.32</AvgReward>
			<Confidence95>0.1</Confidence95>
			<Time>4025.47</Time>
		</Problem>

		<Problem>
			<ProblemName>7</ProblemName>
			<AvgReward>4.86</AvgReward>
			<Confidence95>0.07</Confidence95>
			<Time>4026.44</Time>
		</Problem>

		<Problem>
			<ProblemName>6</ProblemName>
			<AvgReward>9.19</AvgReward>
			<Confidence95>0.15</Confidence95>
			<Time>4062.84</Time>
		</Problem>

		<Problem>
			<ProblemName>9</ProblemName>
			<AvgReward>9.03</AvgReward>
			<Confidence95>0.13</Confidence95>
			<Time>4023.87</Time>
		</Problem>

		<Problem>
			<ProblemName>8</ProblemName>
			<AvgReward>9.59</AvgReward>
			<Confidence95>0.13</Confidence95>
			<Time>4036.39</Time>
		</Problem>

	</Domain>

	<Domain>
		<DomainName>tamarisk</DomainName>
		<Time>41173.54</Time>

		<Problem>
			<ProblemName>10</ProblemName>
			<AvgReward>-1428.78</AvgReward>
			<Confidence95>32.02</Confidence95>
			<Time>4340.14</Time>
		</Problem>

		<Problem>
			<ProblemName>1</ProblemName>
			<AvgReward>-190.04</AvgReward>
			<Confidence95>20.75</Confidence95>
			<Time>4027.23</Time>
		</Problem>

		<Problem>
			<ProblemName>3</ProblemName>
			<AvgReward>-272.89</AvgReward>
			<Confidence95>32.6</Confidence95>
			<Time>4053.7</Time>
		</Problem>

		<Problem>
			<ProblemName>2</ProblemName>
			<AvgReward>-645.72</AvgReward>
			<Confidence95>24.76</Confidence95>
			<Time>4051.42</Time>
		</Problem>

		<Problem>
			<ProblemName>5</ProblemName>
			<AvgReward>-783.2</AvgReward>
			<Confidence95>29.88</Confidence95>
			<Time>4049.51</Time>
		</Problem>

		<Problem>
			<ProblemName>4</ProblemName>
			<AvgReward>-958.12</AvgReward>
			<Confidence95>18.02</Confidence95>
			<Time>4071.8</Time>
		</Problem>

		<Problem>
			<ProblemName>7</ProblemName>
			<AvgReward>-904.17</AvgReward>
			<Confidence95>43.88</Confidence95>
			<Time>4091.94</Time>
		</Problem>

		<Problem>
			<ProblemName>6</ProblemName>
			<AvgReward>-1092.8</AvgReward>
			<Confidence95>24.35</Confidence95>
			<Time>4117.39</Time>
		</Problem>

		<Problem>
			<ProblemName>9</ProblemName>
			<AvgReward>-937.5</AvgReward>
			<Confidence95>59.84</Confidence95>
			<Time>4169.09</Time>
		</Problem>

		<Problem>
			<ProblemName>8</ProblemName>
			<AvgReward>-1299.65</AvgReward>
			<Confidence95>26.27</Confidence95>
			<Time>4201.32</Time>
		</Problem>

	</Domain>

	<Domain>
		<DomainName>sysadmin</DomainName>
		<Time>40372.15</Time>

		<Problem>
			<ProblemName>10</ProblemName>
			<AvgReward>549.91</AvgReward>
			<Confidence95>13.14</Confidence95>
			<Time>4070.19</Time>
		</Problem>

		<Problem>
			<ProblemName>1</ProblemName>
			<AvgReward>340.26</AvgReward>
			<Confidence95>4.39</Confidence95>
			<Time>4010.97</Time>
		</Problem>

		<Problem>
			<ProblemName>3</ProblemName>
			<AvgReward>556.12</AvgReward>
			<Confidence95>16.39</Confidence95>
			<Time>4033.72</Time>
		</Problem>

		<Problem>
			<ProblemName>2</ProblemName>
			<AvgReward>311.19</AvgReward>
			<Confidence95>8.08</Confidence95>
			<Time>4005.25</Time>
		</Problem>

		<Problem>
			<ProblemName>5</ProblemName>
			<AvgReward>553.1</AvgReward>
			<Confidence95>16.57</Confidence95>
			<Time>4037.21</Time>
		</Problem>

		<Problem>
			<ProblemName>4</ProblemName>
			<AvgReward>457.61</AvgReward>
			<Confidence95>19.75</Confidence95>
			<Time>4050.65</Time>
		</Problem>

		<Problem>
			<ProblemName>7</ProblemName>
			<AvgReward>597.7</AvgReward>
			<Confidence95>16.32</Confidence95>
			<Time>4041.63</Time>
		</Problem>

		<Problem>
			<ProblemName>6</ProblemName>
			<AvgReward>492.82</AvgReward>
			<Confidence95>16.47</Confidence95>
			<Time>4052.91</Time>
		</Problem>

		<Problem>
			<ProblemName>9</ProblemName>
			<AvgReward>728.29</AvgReward>
			<Confidence95>16.53</Confidence95>
			<Time>4018.31</Time>
		</Problem>

		<Problem>
			<ProblemName>8</ProblemName>
			<AvgReward>492.47</AvgReward>
			<Confidence95>15.53</Confidence95>
			<Time>4051.31</Time>
		</Problem>

	</Domain>

	<Domain>
		<DomainName>academic</DomainName>
		<Time>36023.85</Time>

		<Problem>
			<ProblemName>10</ProblemName>
			<AvgReward>-239.96</AvgReward>
			<Confidence95>6.79</Confidence95>
			<Time>4058.14</Time>
		</Problem>

		<Problem>
			<ProblemName>1</ProblemName>
			<AvgReward>-40.71</AvgReward>
			<Confidence95>1.81</Confidence95>
			<Time>714.63</Time>
		</Problem>

		<Problem>
			<ProblemName>3</ProblemName>
			<AvgReward>-46.44</AvgReward>
			<Confidence95>2.2</Confidence95>
			<Time>4012.03</Time>
		</Problem>

		<Problem>
			<ProblemName>2</ProblemName>
			<AvgReward>-47.91</AvgReward>
			<Confidence95>2.29</Confidence95>
			<Time>3113.92</Time>
		</Problem>

		<Problem>
			<ProblemName>5</ProblemName>
			<AvgReward>-212.82</AvgReward>
			<Confidence95>2.58</Confidence95>
			<Time>4019.23</Time>
		</Problem>

		<Problem>
			<ProblemName>4</ProblemName>
			<AvgReward>-127.45</AvgReward>
			<Confidence95>7.28</Confidence95>
			<Time>4017.35</Time>
		</Problem>

		<Problem>
			<ProblemName>7</ProblemName>
			<AvgReward>-210.3</AvgReward>
			<Confidence95>1.81</Confidence95>
			<Time>4036.07</Time>
		</Problem>

		<Problem>
			<ProblemName>6</ProblemName>
			<AvgReward>-179.55</AvgReward>
			<Confidence95>8.64</Confidence95>
			<Time>3991.51</Time>
		</Problem>

		<Problem>
			<ProblemName>9</ProblemName>
			<AvgReward>-217.73</AvgReward>
			<Confidence95>0.44</Confidence95>
			<Time>4022.84</Time>
		</Problem>

		<Problem>
			<ProblemName>8</ProblemName>
			<AvgReward>-195.21</AvgReward>
			<Confidence95>7.4</Confidence95>
			<Time>4038.13</Time>
		</Problem>

	</Domain>

	<Domain>
		<DomainName>game</DomainName>
		<Time>40246.61</Time>

		<Problem>
			<ProblemName>10</ProblemName>
			<AvgReward>612.75</AvgReward>
			<Confidence95>6.58</Confidence95>
			<Time>4030.95</Time>
		</Problem>

		<Problem>
			<ProblemName>1</ProblemName>
			<AvgReward>204.48</AvgReward>
			<Confidence95>6.61</Confidence95>
			<Time>4007.54</Time>
		</Problem>

		<Problem>
			<ProblemName>3</ProblemName>
			<AvgReward>147.74</AvgReward>
			<Confidence95>4.86</Confidence95>
			<Time>4031.87</Time>
		</Problem>

		<Problem>
			<ProblemName>2</ProblemName>
			<AvgReward>127.38</AvgReward>
			<Confidence95>8.42</Confidence95>
			<Time>4020.16</Time>
		</Problem>

		<Problem>
			<ProblemName>5</ProblemName>
			<AvgReward>313.68</AvgReward>
			<Confidence95>4.87</Confidence95>
			<Time>4015.91</Time>
		</Problem>

		<Problem>
			<ProblemName>4</ProblemName>
			<AvgReward>366.27</AvgReward>
			<Confidence95>4.58</Confidence95>
			<Time>4020.53</Time>
		</Problem>

		<Problem>
			<ProblemName>7</ProblemName>
			<AvgReward>516.54</AvgReward>
			<Confidence95>4.62</Confidence95>
			<Time>4030.06</Time>
		</Problem>

		<Problem>
			<ProblemName>6</ProblemName>
			<AvgReward>286.45</AvgReward>
			<Confidence95>3.72</Confidence95>
			<Time>4029.84</Time>
		</Problem>

		<Problem>
			<ProblemName>9</ProblemName>
			<AvgReward>438.93</AvgReward>
			<Confidence95>6.28</Confidence95>
			<Time>4044.07</Time>
		</Problem>

		<Problem>
			<ProblemName>8</ProblemName>
			<AvgReward>467.48</AvgReward>
			<Confidence95>5.66</Confidence95>
			<Time>4015.68</Time>
		</Problem>

	</Domain>

	<Domain>
		<DomainName>traffic</DomainName>
		<Time>39153.24</Time>

		<Problem>
			<ProblemName>10</ProblemName>
			<AvgReward>-126.44</AvgReward>
			<Confidence95>6.91</Confidence95>
			<Time>4024.4</Time>
		</Problem>

		<Problem>
			<ProblemName>1</ProblemName>
			<AvgReward>-4.29</AvgReward>
			<Confidence95>0.64</Confidence95>
			<Time>3901.64</Time>
		</Problem>

		<Problem>
			<ProblemName>3</ProblemName>
			<AvgReward>-13.49</AvgReward>
			<Confidence95>1.85</Confidence95>
			<Time>3902.51</Time>
		</Problem>

		<Problem>
			<ProblemName>2</ProblemName>
			<AvgReward>-11.83</AvgReward>
			<Confidence95>0.92</Confidence95>
			<Time>3824.61</Time>
		</Problem>

		<Problem>
			<ProblemName>5</ProblemName>
			<AvgReward>-47.58</AvgReward>
			<Confidence95>3.17</Confidence95>
			<Time>3886.95</Time>
		</Problem>

		<Problem>
			<ProblemName>4</ProblemName>
			<AvgReward>-45.07</AvgReward>
			<Confidence95>3.12</Confidence95>
			<Time>3849.99</Time>
		</Problem>

		<Problem>
			<ProblemName>7</ProblemName>
			<AvgReward>-44.92</AvgReward>
			<Confidence95>3.01</Confidence95>
			<Time>3983.1</Time>
		</Problem>

		<Problem>
			<ProblemName>6</ProblemName>
			<AvgReward>-76.42</AvgReward>
			<Confidence95>6.36</Confidence95>
			<Time>3826.91</Time>
		</Problem>

		<Problem>
			<ProblemName>9</ProblemName>
			<AvgReward>-22.17</AvgReward>
			<Confidence95>3.33</Confidence95>
			<Time>4013.87</Time>
		</Problem>

		<Problem>
			<ProblemName>8</ProblemName>
			<AvgReward>-58.52</AvgReward>
			<Confidence95>5.95</Confidence95>
			<Time>3939.26</Time>
		</Problem>

	</Domain>

	<Domain>
		<DomainName>crossing</DomainName>
		<Time>15824.54</Time>

		<Problem>
			<ProblemName>10</ProblemName>
			<AvgReward>-36.29</AvgReward>
			<Confidence95>1.67</Confidence95>
			<Time>3702.81</Time>
		</Problem>

		<Problem>
			<ProblemName>1</ProblemName>
			<AvgReward>-4.37</AvgReward>
			<Confidence95>0.14</Confidence95>
			<Time>472.37</Time>
		</Problem>

		<Problem>
			<ProblemName>3</ProblemName>
			<AvgReward>-6.3</AvgReward>
			<Confidence95>0.38</Confidence95>
			<Time>673.63</Time>
		</Problem>

		<Problem>
			<ProblemName>2</ProblemName>
			<AvgReward>-5.51</AvgReward>
			<Confidence95>0.34</Confidence95>
			<Time>598.8</Time>
		</Problem>

		<Problem>
			<ProblemName>5</ProblemName>
			<AvgReward>-7.41</AvgReward>
			<Confidence95>0.71</Confidence95>
			<Time>774.19</Time>
		</Problem>

		<Problem>
			<ProblemName>4</ProblemName>
			<AvgReward>-10.69</AvgReward>
			<Confidence95>0.97</Confidence95>
			<Time>1124.23</Time>
		</Problem>

		<Problem>
			<ProblemName>7</ProblemName>
			<AvgReward>-12.13</AvgReward>
			<Confidence95>1.03</Confidence95>
			<Time>1330.49</Time>
		</Problem>

		<Problem>
			<ProblemName>6</ProblemName>
			<AvgReward>-29.47</AvgReward>
			<Confidence95>2.48</Confidence95>
			<Time>2950.72</Time>
		</Problem>

		<Problem>
			<ProblemName>9</ProblemName>
			<AvgReward>-9.22</AvgReward>
			<Confidence95>0.35</Confidence95>
			<Time>1126.71</Time>
		</Problem>

		<Problem>
			<ProblemName>8</ProblemName>
			<AvgReward>-30.94</AvgReward>
			<Confidence95>1.58</Confidence95>
			<Time>3070.59</Time>
		</Problem>

	</Domain>

	<Domain>
		<DomainName>skill</DomainName>
		<Time>16795.5</Time>

		<Problem>
			<ProblemName>10</ProblemName>
			<AvgReward>-194.44</AvgReward>
			<Confidence95>35.59</Confidence95>
			<Time>2117.08</Time>
		</Problem>

		<Problem>
			<ProblemName>1</ProblemName>
			<AvgReward>67.19</AvgReward>
			<Confidence95>1.61</Confidence95>
			<Time>570.56</Time>
		</Problem>

		<Problem>
			<ProblemName>3</ProblemName>
			<AvgReward>84.32</AvgReward>
			<Confidence95>13.18</Confidence95>
			<Time>1458.2</Time>
		</Problem>

		<Problem>
			<ProblemName>2</ProblemName>
			<AvgReward>77.91</AvgReward>
			<Confidence95>2.15</Confidence95>
			<Time>607.16</Time>
		</Problem>

		<Problem>
			<ProblemName>5</ProblemName>
			<AvgReward>-9.61</AvgReward>
			<Confidence95>18.47</Confidence95>
			<Time>2178.23</Time>
		</Problem>

		<Problem>
			<ProblemName>4</ProblemName>
			<AvgReward>99.66</AvgReward>
			<Confidence95>11.9</Confidence95>
			<Time>1331.4</Time>
		</Problem>

		<Problem>
			<ProblemName>7</ProblemName>
			<AvgReward>-57.06</AvgReward>
			<Confidence95>23.74</Confidence95>
			<Time>2144.09</Time>
		</Problem>

		<Problem>
			<ProblemName>6</ProblemName>
			<AvgReward>-36.28</AvgReward>
			<Confidence95>27.11</Confidence95>
			<Time>2135.7</Time>
		</Problem>

		<Problem>
			<ProblemName>9</ProblemName>
			<AvgReward>-162.44</AvgReward>
			<Confidence95>30.96</Confidence95>
			<Time>2124.05</Time>
		</Problem>

		<Problem>
			<ProblemName>8</ProblemName>
			<AvgReward>-159.96</AvgReward>
			<Confidence95>32.73</Confidence95>
			<Time>2129.03</Time>
		</Problem>

	</Domain>

	<Domain>
		<DomainName>navigation</DomainName>
		<Time>31194.8</Time>

		<Problem>
			<ProblemName>10</ProblemName>
			<AvgReward>-40.0</AvgReward>
			<Confidence95>0.0</Confidence95>
			<Time>3824.59</Time>
		</Problem>

		<Problem>
			<ProblemName>1</ProblemName>
			<AvgReward>-9.32</AvgReward>
			<Confidence95>1.23</Confidence95>
			<Time>840.77</Time>
		</Problem>

		<Problem>
			<ProblemName>3</ProblemName>
			<AvgReward>-24.37</AvgReward>
			<Confidence95>2.03</Confidence95>
			<Time>2115.02</Time>
		</Problem>

		<Problem>
			<ProblemName>2</ProblemName>
			<AvgReward>-10.88</AvgReward>
			<Confidence95>0.59</Confidence95>
			<Time>1111.27</Time>
		</Problem>

		<Problem>
			<ProblemName>5</ProblemName>
			<AvgReward>-39.97</AvgReward>
			<Confidence95>0.06</Confidence95>
			<Time>3894.16</Time>
		</Problem>

		<Problem>
			<ProblemName>4</ProblemName>
			<AvgReward>-40.0</AvgReward>
			<Confidence95>0.0</Confidence95>
			<Time>3701.74</Time>
		</Problem>

		<Problem>
			<ProblemName>7</ProblemName>
			<AvgReward>-40.0</AvgReward>
			<Confidence95>0.0</Confidence95>
			<Time>3967.56</Time>
		</Problem>

		<Problem>
			<ProblemName>6</ProblemName>
			<AvgReward>-40.0</AvgReward>
			<Confidence95>0.0</Confidence95>
			<Time>3869.48</Time>
		</Problem>

		<Problem>
			<ProblemName>9</ProblemName>
			<AvgReward>-40.0</AvgReward>
			<Confidence95>0.0</Confidence95>
			<Time>3925.67</Time>
		</Problem>

		<Problem>
			<ProblemName>8</ProblemName>
			<AvgReward>-40.0</AvgReward>
			<Confidence95>0.0</Confidence95>
			<Time>3944.54</Time>
		</Problem>

	</Domain>

</PlannerResult>
