<?xml version="1.0"?>
<PlannerResult>
	<PlannerName>rev152 [MaxUCT -init [Expand -h [MLS]]]</PlannerName>
	<BenchmarkSet>IPPC2011</BenchmarkSet>
	<NumberOfRuns>100</NumberOfRuns>
	<Time>411332.37</Time>

	<Domain>
		<DomainName>wildfire</DomainName>
		<Time>36434.81</Time>

		<Problem>
			<ProblemName>10</ProblemName>
			<AvgReward>-24809.5</AvgReward>
			<Confidence95>1100.07</Confidence95>
			<Time>4070.11</Time>
		</Problem>

		<Problem>
			<ProblemName>1</ProblemName>
			<AvgReward>-312.05</AvgReward>
			<Confidence95>212.53</Confidence95>
			<Time>1049.91</Time>
		</Problem>

		<Problem>
			<ProblemName>3</ProblemName>
			<AvgReward>-1667.6</AvgReward>
			<Confidence95>493.45</Confidence95>
			<Time>2825.59</Time>
		</Problem>

		<Problem>
			<ProblemName>2</ProblemName>
			<AvgReward>-9346.3</AvgReward>
			<Confidence95>346.32</Confidence95>
			<Time>4046.47</Time>
		</Problem>

		<Problem>
			<ProblemName>5</ProblemName>
			<AvgReward>-1798.5</AvgReward>
			<Confidence95>622.7</Confidence95>
			<Time>4068.48</Time>
		</Problem>

		<Problem>
			<ProblemName>4</ProblemName>
			<AvgReward>-13223.2</AvgReward>
			<Confidence95>1267.11</Confidence95>
			<Time>4042.22</Time>
		</Problem>

		<Problem>
			<ProblemName>7</ProblemName>
			<AvgReward>-9672.8</AvgReward>
			<Confidence95>845.77</Confidence95>
			<Time>4102.18</Time>
		</Problem>

		<Problem>
			<ProblemName>6</ProblemName>
			<AvgReward>-24804.0</AvgReward>
			<Confidence95>978.65</Confidence95>
			<Time>4069.43</Time>
		</Problem>

		<Problem>
			<ProblemName>9</ProblemName>
			<AvgReward>-15999.4</AvgReward>
			<Confidence95>459.71</Confidence95>
			<Time>4075.78</Time>
		</Problem>

		<Problem>
			<ProblemName>8</ProblemName>
			<AvgReward>-17974.3</AvgReward>
			<Confidence95>1471.77</Confidence95>
			<Time>4084.64</Time>
		</Problem>

	</Domain>

	<Domain>
		<DomainName>triangle</DomainName>
		<Time>28483.08</Time>

		<Problem>
			<ProblemName>10</ProblemName>
			<AvgReward>-40.0</AvgReward>
			<Confidence95>0.0</Confidence95>
			<Time>3995.55</Time>
		</Problem>

		<Problem>
			<ProblemName>1</ProblemName>
			<AvgReward>92.68</AvgReward>
			<Confidence95>0.48</Confidence95>
			<Time>847.71</Time>
		</Problem>

		<Problem>
			<ProblemName>3</ProblemName>
			<AvgReward>35.22</AvgReward>
			<Confidence95>11.63</Confidence95>
			<Time>1653.06</Time>
		</Problem>

		<Problem>
			<ProblemName>2</ProblemName>
			<AvgReward>92.97</AvgReward>
			<Confidence95>0.52</Confidence95>
			<Time>799.35</Time>
		</Problem>

		<Problem>
			<ProblemName>5</ProblemName>
			<AvgReward>5.15</AvgReward>
			<Confidence95>10.24</Confidence95>
			<Time>3935.53</Time>
		</Problem>

		<Problem>
			<ProblemName>4</ProblemName>
			<AvgReward>50.51</AvgReward>
			<Confidence95>10.88</Confidence95>
			<Time>1531.44</Time>
		</Problem>

		<Problem>
			<ProblemName>7</ProblemName>
			<AvgReward>-37.91</AvgReward>
			<Confidence95>2.88</Confidence95>
			<Time>4031.3</Time>
		</Problem>

		<Problem>
			<ProblemName>6</ProblemName>
			<AvgReward>45.95</AvgReward>
			<Confidence95>8.22</Confidence95>
			<Time>3642.84</Time>
		</Problem>

		<Problem>
			<ProblemName>9</ProblemName>
			<AvgReward>-40.0</AvgReward>
			<Confidence95>0.0</Confidence95>
			<Time>4104.95</Time>
		</Problem>

		<Problem>
			<ProblemName>8</ProblemName>
			<AvgReward>-34.82</AvgReward>
			<Confidence95>4.45</Confidence95>
			<Time>3941.35</Time>
		</Problem>

	</Domain>

	<Domain>
		<DomainName>elevators</DomainName>
		<Time>40800.95</Time>

		<Problem>
			<ProblemName>10</ProblemName>
			<AvgReward>-66.44</AvgReward>
			<Confidence95>5.26</Confidence95>
			<Time>4101.87</Time>
		</Problem>

		<Problem>
			<ProblemName>1</ProblemName>
			<AvgReward>-45.88</AvgReward>
			<Confidence95>2.49</Confidence95>
			<Time>4083.63</Time>
		</Problem>

		<Problem>
			<ProblemName>3</ProblemName>
			<AvgReward>-55.65</AvgReward>
			<Confidence95>2.01</Confidence95>
			<Time>4101.72</Time>
		</Problem>

		<Problem>
			<ProblemName>2</ProblemName>
			<AvgReward>-18.7</AvgReward>
			<Confidence95>1.79</Confidence95>
			<Time>4027.89</Time>
		</Problem>

		<Problem>
			<ProblemName>5</ProblemName>
			<AvgReward>-54.4</AvgReward>
			<Confidence95>3.03</Confidence95>
			<Time>4102.32</Time>
		</Problem>

		<Problem>
			<ProblemName>4</ProblemName>
			<AvgReward>-57.42</AvgReward>
			<Confidence95>3.62</Confidence95>
			<Time>4069.74</Time>
		</Problem>

		<Problem>
			<ProblemName>7</ProblemName>
			<AvgReward>-83.16</AvgReward>
			<Confidence95>4.97</Confidence95>
			<Time>4102.37</Time>
		</Problem>

		<Problem>
			<ProblemName>6</ProblemName>
			<AvgReward>-70.64</AvgReward>
			<Confidence95>3.37</Confidence95>
			<Time>4053.47</Time>
		</Problem>

		<Problem>
			<ProblemName>9</ProblemName>
			<AvgReward>-88.41</AvgReward>
			<Confidence95>4.48</Confidence95>
			<Time>4109.1</Time>
		</Problem>

		<Problem>
			<ProblemName>8</ProblemName>
			<AvgReward>-75.83</AvgReward>
			<Confidence95>3.82</Confidence95>
			<Time>4048.84</Time>
		</Problem>

	</Domain>

	<Domain>
		<DomainName>recon</DomainName>
		<Time>40942.88</Time>

		<Problem>
			<ProblemName>10</ProblemName>
			<AvgReward>5.24</AvgReward>
			<Confidence95>0.1</Confidence95>
			<Time>4106.51</Time>
		</Problem>

		<Problem>
			<ProblemName>1</ProblemName>
			<AvgReward>3.22</AvgReward>
			<Confidence95>0.13</Confidence95>
			<Time>4055.4</Time>
		</Problem>

		<Problem>
			<ProblemName>3</ProblemName>
			<AvgReward>13.45</AvgReward>
			<Confidence95>0.22</Confidence95>
			<Time>4084.86</Time>
		</Problem>

		<Problem>
			<ProblemName>2</ProblemName>
			<AvgReward>2.98</AvgReward>
			<Confidence95>0.13</Confidence95>
			<Time>4068.58</Time>
		</Problem>

		<Problem>
			<ProblemName>5</ProblemName>
			<AvgReward>13.98</AvgReward>
			<Confidence95>0.25</Confidence95>
			<Time>4085.49</Time>
		</Problem>

		<Problem>
			<ProblemName>4</ProblemName>
			<AvgReward>2.54</AvgReward>
			<Confidence95>0.11</Confidence95>
			<Time>4088.58</Time>
		</Problem>

		<Problem>
			<ProblemName>7</ProblemName>
			<AvgReward>5.02</AvgReward>
			<Confidence95>0.11</Confidence95>
			<Time>4106.91</Time>
		</Problem>

		<Problem>
			<ProblemName>6</ProblemName>
			<AvgReward>9.84</AvgReward>
			<Confidence95>0.15</Confidence95>
			<Time>4118.82</Time>
		</Problem>

		<Problem>
			<ProblemName>9</ProblemName>
			<AvgReward>8.66</AvgReward>
			<Confidence95>0.15</Confidence95>
			<Time>4105.81</Time>
		</Problem>

		<Problem>
			<ProblemName>8</ProblemName>
			<AvgReward>9.49</AvgReward>
			<Confidence95>0.15</Confidence95>
			<Time>4121.92</Time>
		</Problem>

	</Domain>

	<Domain>
		<DomainName>tamarisk</DomainName>
		<Time>41643.96</Time>

		<Problem>
			<ProblemName>10</ProblemName>
			<AvgReward>-1336.25</AvgReward>
			<Confidence95>37.47</Confidence95>
			<Time>4371.76</Time>
		</Problem>

		<Problem>
			<ProblemName>1</ProblemName>
			<AvgReward>-131.9</AvgReward>
			<Confidence95>14.03</Confidence95>
			<Time>4085.41</Time>
		</Problem>

		<Problem>
			<ProblemName>3</ProblemName>
			<AvgReward>-242.33</AvgReward>
			<Confidence95>32.19</Confidence95>
			<Time>4074.3</Time>
		</Problem>

		<Problem>
			<ProblemName>2</ProblemName>
			<AvgReward>-527.61</AvgReward>
			<Confidence95>28.72</Confidence95>
			<Time>4089.1</Time>
		</Problem>

		<Problem>
			<ProblemName>5</ProblemName>
			<AvgReward>-747.1</AvgReward>
			<Confidence95>41.11</Confidence95>
			<Time>4085.44</Time>
		</Problem>

		<Problem>
			<ProblemName>4</ProblemName>
			<AvgReward>-843.61</AvgReward>
			<Confidence95>25.87</Confidence95>
			<Time>4083.34</Time>
		</Problem>

		<Problem>
			<ProblemName>7</ProblemName>
			<AvgReward>-887.58</AvgReward>
			<Confidence95>45.73</Confidence95>
			<Time>4174.93</Time>
		</Problem>

		<Problem>
			<ProblemName>6</ProblemName>
			<AvgReward>-1046.96</AvgReward>
			<Confidence95>27.3</Confidence95>
			<Time>4214.55</Time>
		</Problem>

		<Problem>
			<ProblemName>9</ProblemName>
			<AvgReward>-954.72</AvgReward>
			<Confidence95>46.86</Confidence95>
			<Time>4198.42</Time>
		</Problem>

		<Problem>
			<ProblemName>8</ProblemName>
			<AvgReward>-1302.8</AvgReward>
			<Confidence95>25.49</Confidence95>
			<Time>4266.71</Time>
		</Problem>

	</Domain>

	<Domain>
		<DomainName>sysadmin</DomainName>
		<Time>40700.68</Time>

		<Problem>
			<ProblemName>10</ProblemName>
			<AvgReward>552.19</AvgReward>
			<Confidence95>14.26</Confidence95>
			<Time>4111.38</Time>
		</Problem>

		<Problem>
			<ProblemName>1</ProblemName>
			<AvgReward>334.94</AvgReward>
			<Confidence95>4.25</Confidence95>
			<Time>4079.27</Time>
		</Problem>

		<Problem>
			<ProblemName>3</ProblemName>
			<AvgReward>549.75</AvgReward>
			<Confidence95>15.35</Confidence95>
			<Time>4068.79</Time>
		</Problem>

		<Problem>
			<ProblemName>2</ProblemName>
			<AvgReward>307.73</AvgReward>
			<Confidence95>7.95</Confidence95>
			<Time>4069.36</Time>
		</Problem>

		<Problem>
			<ProblemName>5</ProblemName>
			<AvgReward>575.97</AvgReward>
			<Confidence95>16.87</Confidence95>
			<Time>4052.86</Time>
		</Problem>

		<Problem>
			<ProblemName>4</ProblemName>
			<AvgReward>493.07</AvgReward>
			<Confidence95>15.84</Confidence95>
			<Time>4058.91</Time>
		</Problem>

		<Problem>
			<ProblemName>7</ProblemName>
			<AvgReward>611.77</AvgReward>
			<Confidence95>14.28</Confidence95>
			<Time>4073.39</Time>
		</Problem>

		<Problem>
			<ProblemName>6</ProblemName>
			<AvgReward>517.25</AvgReward>
			<Confidence95>15.7</Confidence95>
			<Time>4071.81</Time>
		</Problem>

		<Problem>
			<ProblemName>9</ProblemName>
			<AvgReward>724.63</AvgReward>
			<Confidence95>15.37</Confidence95>
			<Time>4065.43</Time>
		</Problem>

		<Problem>
			<ProblemName>8</ProblemName>
			<AvgReward>503.8</AvgReward>
			<Confidence95>14.03</Confidence95>
			<Time>4049.48</Time>
		</Problem>

	</Domain>

	<Domain>
		<DomainName>academic</DomainName>
		<Time>37360.38</Time>

		<Problem>
			<ProblemName>10</ProblemName>
			<AvgReward>-208.79</AvgReward>
			<Confidence95>0.42</Confidence95>
			<Time>4087.54</Time>
		</Problem>

		<Problem>
			<ProblemName>1</ProblemName>
			<AvgReward>-43.47</AvgReward>
			<Confidence95>2.45</Confidence95>
			<Time>779.23</Time>
		</Problem>

		<Problem>
			<ProblemName>3</ProblemName>
			<AvgReward>-40.39</AvgReward>
			<Confidence95>2.67</Confidence95>
			<Time>4057.87</Time>
		</Problem>

		<Problem>
			<ProblemName>2</ProblemName>
			<AvgReward>-85.77</AvgReward>
			<Confidence95>9.29</Confidence95>
			<Time>3999.76</Time>
		</Problem>

		<Problem>
			<ProblemName>5</ProblemName>
			<AvgReward>-202.03</AvgReward>
			<Confidence95>0.26</Confidence95>
			<Time>4058.89</Time>
		</Problem>

		<Problem>
			<ProblemName>4</ProblemName>
			<AvgReward>-197.34</AvgReward>
			<Confidence95>4.03</Confidence95>
			<Time>4059.21</Time>
		</Problem>

		<Problem>
			<ProblemName>7</ProblemName>
			<AvgReward>-201.93</AvgReward>
			<Confidence95>0.6</Confidence95>
			<Time>4083.69</Time>
		</Problem>

		<Problem>
			<ProblemName>6</ProblemName>
			<AvgReward>-202.36</AvgReward>
			<Confidence95>1.19</Confidence95>
			<Time>4100.52</Time>
		</Problem>

		<Problem>
			<ProblemName>9</ProblemName>
			<AvgReward>-200.33</AvgReward>
			<Confidence95>0.23</Confidence95>
			<Time>4056.44</Time>
		</Problem>

		<Problem>
			<ProblemName>8</ProblemName>
			<AvgReward>-207.28</AvgReward>
			<Confidence95>3.51</Confidence95>
			<Time>4077.23</Time>
		</Problem>

	</Domain>

	<Domain>
		<DomainName>game</DomainName>
		<Time>40732.89</Time>

		<Problem>
			<ProblemName>10</ProblemName>
			<AvgReward>602.89</AvgReward>
			<Confidence95>7.9</Confidence95>
			<Time>4057.55</Time>
		</Problem>

		<Problem>
			<ProblemName>1</ProblemName>
			<AvgReward>205.87</AvgReward>
			<Confidence95>5.38</Confidence95>
			<Time>4057.5</Time>
		</Problem>

		<Problem>
			<ProblemName>3</ProblemName>
			<AvgReward>149.53</AvgReward>
			<Confidence95>5.05</Confidence95>
			<Time>4069.01</Time>
		</Problem>

		<Problem>
			<ProblemName>2</ProblemName>
			<AvgReward>127.69</AvgReward>
			<Confidence95>8.68</Confidence95>
			<Time>4047.35</Time>
		</Problem>

		<Problem>
			<ProblemName>5</ProblemName>
			<AvgReward>313.61</AvgReward>
			<Confidence95>5.62</Confidence95>
			<Time>4076.16</Time>
		</Problem>

		<Problem>
			<ProblemName>4</ProblemName>
			<AvgReward>367.65</AvgReward>
			<Confidence95>4.59</Confidence95>
			<Time>4083.67</Time>
		</Problem>

		<Problem>
			<ProblemName>7</ProblemName>
			<AvgReward>518.11</AvgReward>
			<Confidence95>4.63</Confidence95>
			<Time>4075.92</Time>
		</Problem>

		<Problem>
			<ProblemName>6</ProblemName>
			<AvgReward>287.96</AvgReward>
			<Confidence95>3.52</Confidence95>
			<Time>4092.54</Time>
		</Problem>

		<Problem>
			<ProblemName>9</ProblemName>
			<AvgReward>430.58</AvgReward>
			<Confidence95>6.13</Confidence95>
			<Time>4097.18</Time>
		</Problem>

		<Problem>
			<ProblemName>8</ProblemName>
			<AvgReward>452.46</AvgReward>
			<Confidence95>8.91</Confidence95>
			<Time>4076.01</Time>
		</Problem>

	</Domain>

	<Domain>
		<DomainName>traffic</DomainName>
		<Time>39568.64</Time>

		<Problem>
			<ProblemName>10</ProblemName>
			<AvgReward>-133.23</AvgReward>
			<Confidence95>6.83</Confidence95>
			<Time>4064.24</Time>
		</Problem>

		<Problem>
			<ProblemName>1</ProblemName>
			<AvgReward>-3.72</AvgReward>
			<Confidence95>0.51</Confidence95>
			<Time>3897.86</Time>
		</Problem>

		<Problem>
			<ProblemName>3</ProblemName>
			<AvgReward>-11.12</AvgReward>
			<Confidence95>1.65</Confidence95>
			<Time>3952.12</Time>
		</Problem>

		<Problem>
			<ProblemName>2</ProblemName>
			<AvgReward>-11.05</AvgReward>
			<Confidence95>0.99</Confidence95>
			<Time>3816.17</Time>
		</Problem>

		<Problem>
			<ProblemName>5</ProblemName>
			<AvgReward>-47.76</AvgReward>
			<Confidence95>3.55</Confidence95>
			<Time>3917.31</Time>
		</Problem>

		<Problem>
			<ProblemName>4</ProblemName>
			<AvgReward>-47.38</AvgReward>
			<Confidence95>2.77</Confidence95>
			<Time>3967.53</Time>
		</Problem>

		<Problem>
			<ProblemName>7</ProblemName>
			<AvgReward>-47.27</AvgReward>
			<Confidence95>2.95</Confidence95>
			<Time>4033.11</Time>
		</Problem>

		<Problem>
			<ProblemName>6</ProblemName>
			<AvgReward>-76.33</AvgReward>
			<Confidence95>5.03</Confidence95>
			<Time>3879.35</Time>
		</Problem>

		<Problem>
			<ProblemName>9</ProblemName>
			<AvgReward>-24.79</AvgReward>
			<Confidence95>3.51</Confidence95>
			<Time>4034.49</Time>
		</Problem>

		<Problem>
			<ProblemName>8</ProblemName>
			<AvgReward>-61.95</AvgReward>
			<Confidence95>5.79</Confidence95>
			<Time>4006.46</Time>
		</Problem>

	</Domain>

	<Domain>
		<DomainName>crossing</DomainName>
		<Time>17069.26</Time>

		<Problem>
			<ProblemName>10</ProblemName>
			<AvgReward>-34.34</AvgReward>
			<Confidence95>2.07</Confidence95>
			<Time>3684.7</Time>
		</Problem>

		<Problem>
			<ProblemName>1</ProblemName>
			<AvgReward>-4.37</AvgReward>
			<Confidence95>0.14</Confidence95>
			<Time>491.38</Time>
		</Problem>

		<Problem>
			<ProblemName>3</ProblemName>
			<AvgReward>-6.18</AvgReward>
			<Confidence95>0.36</Confidence95>
			<Time>693.73</Time>
		</Problem>

		<Problem>
			<ProblemName>2</ProblemName>
			<AvgReward>-5.44</AvgReward>
			<Confidence95>0.33</Confidence95>
			<Time>609.43</Time>
		</Problem>

		<Problem>
			<ProblemName>5</ProblemName>
			<AvgReward>-7.16</AvgReward>
			<Confidence95>0.69</Confidence95>
			<Time>763.98</Time>
		</Problem>

		<Problem>
			<ProblemName>4</ProblemName>
			<AvgReward>-10.35</AvgReward>
			<Confidence95>1.02</Confidence95>
			<Time>1121.79</Time>
		</Problem>

		<Problem>
			<ProblemName>7</ProblemName>
			<AvgReward>-18.63</AvgReward>
			<Confidence95>2.16</Confidence95>
			<Time>2077.29</Time>
		</Problem>

		<Problem>
			<ProblemName>6</ProblemName>
			<AvgReward>-13.28</AvgReward>
			<Confidence95>1.58</Confidence95>
			<Time>1397.58</Time>
		</Problem>

		<Problem>
			<ProblemName>9</ProblemName>
			<AvgReward>-27.2</AvgReward>
			<Confidence95>2.33</Confidence95>
			<Time>2892.67</Time>
		</Problem>

		<Problem>
			<ProblemName>8</ProblemName>
			<AvgReward>-31.94</AvgReward>
			<Confidence95>1.96</Confidence95>
			<Time>3336.71</Time>
		</Problem>

	</Domain>

	<Domain>
		<DomainName>skill</DomainName>
		<Time>17179.85</Time>

		<Problem>
			<ProblemName>10</ProblemName>
			<AvgReward>-249.7</AvgReward>
			<Confidence95>34.27</Confidence95>
			<Time>2168.53</Time>
		</Problem>

		<Problem>
			<ProblemName>1</ProblemName>
			<AvgReward>66.18</AvgReward>
			<Confidence95>1.78</Confidence95>
			<Time>595.82</Time>
		</Problem>

		<Problem>
			<ProblemName>3</ProblemName>
			<AvgReward>91.39</AvgReward>
			<Confidence95>11.01</Confidence95>
			<Time>1443.39</Time>
		</Problem>

		<Problem>
			<ProblemName>2</ProblemName>
			<AvgReward>77.03</AvgReward>
			<Confidence95>2.1</Confidence95>
			<Time>627.78</Time>
		</Problem>

		<Problem>
			<ProblemName>5</ProblemName>
			<AvgReward>3.0</AvgReward>
			<Confidence95>17.42</Confidence95>
			<Time>2231.82</Time>
		</Problem>

		<Problem>
			<ProblemName>4</ProblemName>
			<AvgReward>89.28</AvgReward>
			<Confidence95>13.29</Confidence95>
			<Time>1474.66</Time>
		</Problem>

		<Problem>
			<ProblemName>7</ProblemName>
			<AvgReward>-89.65</AvgReward>
			<Confidence95>21.97</Confidence95>
			<Time>2133.27</Time>
		</Problem>

		<Problem>
			<ProblemName>6</ProblemName>
			<AvgReward>-20.62</AvgReward>
			<Confidence95>25.85</Confidence95>
			<Time>2182.75</Time>
		</Problem>

		<Problem>
			<ProblemName>9</ProblemName>
			<AvgReward>-180.62</AvgReward>
			<Confidence95>26.14</Confidence95>
			<Time>2149.2</Time>
		</Problem>

		<Problem>
			<ProblemName>8</ProblemName>
			<AvgReward>-186.37</AvgReward>
			<Confidence95>32.46</Confidence95>
			<Time>2172.63</Time>
		</Problem>

	</Domain>

	<Domain>
		<DomainName>navigation</DomainName>
		<Time>30414.99</Time>

		<Problem>
			<ProblemName>10</ProblemName>
			<AvgReward>-40.0</AvgReward>
			<Confidence95>0.0</Confidence95>
			<Time>3872.32</Time>
		</Problem>

		<Problem>
			<ProblemName>1</ProblemName>
			<AvgReward>-9.83</AvgReward>
			<Confidence95>1.37</Confidence95>
			<Time>872.16</Time>
		</Problem>

		<Problem>
			<ProblemName>3</ProblemName>
			<AvgReward>-18.69</AvgReward>
			<Confidence95>1.78</Confidence95>
			<Time>1587.21</Time>
		</Problem>

		<Problem>
			<ProblemName>2</ProblemName>
			<AvgReward>-10.98</AvgReward>
			<Confidence95>0.83</Confidence95>
			<Time>1113.13</Time>
		</Problem>

		<Problem>
			<ProblemName>5</ProblemName>
			<AvgReward>-39.85</AvgReward>
			<Confidence95>0.14</Confidence95>
			<Time>3864.56</Time>
		</Problem>

		<Problem>
			<ProblemName>4</ProblemName>
			<AvgReward>-39.96</AvgReward>
			<Confidence95>0.06</Confidence95>
			<Time>3772.9</Time>
		</Problem>

		<Problem>
			<ProblemName>7</ProblemName>
			<AvgReward>-40.0</AvgReward>
			<Confidence95>0.0</Confidence95>
			<Time>3897.9</Time>
		</Problem>

		<Problem>
			<ProblemName>6</ProblemName>
			<AvgReward>-40.0</AvgReward>
			<Confidence95>0.0</Confidence95>
			<Time>3831.23</Time>
		</Problem>

		<Problem>
			<ProblemName>9</ProblemName>
			<AvgReward>-40.0</AvgReward>
			<Confidence95>0.0</Confidence95>
			<Time>3818.39</Time>
		</Problem>

		<Problem>
			<ProblemName>8</ProblemName>
			<AvgReward>-39.68</AvgReward>
			<Confidence95>0.19</Confidence95>
			<Time>3785.19</Time>
		</Problem>

	</Domain>

</PlannerResult>
